UnixTimeMillis,LatitudeDegrees,LongitudeDegrees
1597354929434,37.42738109007388,-122.06991256808958
1597354930434,37.427385168570765,-122.06991922581557
1597354931434,37.42735035569212,-122.06997268979639
1597354932434,37.42729525916299,-122.07000198179699
1597354933434,37.427292457419185,-122.06999586003948
1597354934434,37.427282115640416,-122.06999226634291
1597354935434,37.42734150120851,-122.06995005892277
1597354936434,37.4273054320442,-122.06992168657398
1597354937434,37.427297105843046,-122.06992147400072
1597354938434,37.42727465811543,-122.06992315291389
1597354939434,37.42723976915706,-122.06991963081578
1597354940434,37.42720799708247,-122.06992048950215
1597354941434,37.427139625357555,-122.06993374288926
1597354942434,37.427097169174935,-122.06993940714517
1597354943434,37.427019288022144,-122.0699834609899
1597354944434,37.42699423606879,-122.06996208142341
1597354945434,37.42693464092387,-122.0699791737602
1597354946434,37.42689332302008,-122.06997640659361
1597354947434,37.42686170314917,-122.06998791331232
1597354948434,37.42684614761571,-122.07000903312714
1597354949434,37.42682599413527,-122.07003485751028
1597354950434,37.42685940902807,-122.07008884678547
1597354951434,37.426838101697925,-122.0701157179413
1597354952434,37.42682130711547,-122.0701705579658
1597354953434,37.426790380325535,-122.0701884047149
1597354954434,37.42673111424101,-122.07017811913677
1597354955434,37.426675548792836,-122.07018599588106
1597354956434,37.426590980356224,-122.0701325941665
1597354957434,37.4265375452325,-122.0701311825533
1597354958434,37.426473199792575,-122.0701280614378
1597354959434,37.42640323062669,-122.0701233298501
1597354960434,37.426326427412505,-122.07013134918799
1597354961434,37.42624104845608,-122.07013534406461
1597354962434,37.42614307863193,-122.0701373836812
1597354963434,37.42605511342468,-122.07013433332118
1597354964434,37.425946443020194,-122.07013998974467
1597354965434,37.42587411748217,-122.0701592202687
1597354966434,37.42580103840162,-122.0701755219951
1597354967434,37.425715554702265,-122.07017992222423
1597354968434,37.42563510892867,-122.07017394183805
1597354969434,37.42554403382593,-122.07016620677359
1597354970434,37.42546370900493,-122.07016291232803
1597354971434,37.425391324062126,-122.0701545486416
1597354972434,37.42527596243696,-122.07017864938938
1597354973434,37.425233648948655,-122.07014071364188
1597354974434,37.42515522758605,-122.07014410766976
1597354975434,37.425087239864965,-122.07014244480405
1597354976434,37.425050567601964,-122.07013230790223
1597354977434,37.42502258015267,-122.07008488937453
1597354978434,37.42500934764408,-122.07003113971196
1597354979434,37.42499900184855,-122.06997828721872
1597354980434,37.4249824777038,-122.06993934410869
1597354981434,37.42496921277546,-122.06989959850694
1597354982434,37.42493613085123,-122.06988650292294
1597354983434,37.42490096451237,-122.06989497478143
1597354984434,37.424859330829065,-122.06993771417785
1597354985434,37.42485074472673,-122.07002187232979
1597354986434,37.4248746178809,-122.07012616083213
1597354987434,37.42487376501789,-122.07022591358378
1597354988434,37.42487408639361,-122.07032821080624
1597354989434,37.42487235471691,-122.0704456218346
1597354990434,37.42488026536763,-122.07057258478835
1597354991434,37.42487625696513,-122.07072392525781
1597354992434,37.42487759252227,-122.0708594323438
1597354993434,37.424883075131774,-122.07101005891185
1597354994434,37.42487886200158,-122.0711597521555
1597354995434,37.42487727723514,-122.07130858717593
1597354996434,37.42488397195155,-122.07145916193154
1597354997434,37.42489113627634,-122.07159387955821
1597354998434,37.42489545853178,-122.07174739423911
1597354999434,37.4248967923002,-122.07189609329713
1597355000434,37.424873144973304,-122.07203608479595
1597355001434,37.42487499018934,-122.07220027204245
1597355002434,37.424875841967534,-122.07235154667964
1597355003434,37.42486801459094,-122.07252784083859
1597355004434,37.4248659812271,-122.07266595607415
1597355005434,37.42486687737974,-122.07281916822245
1597355006434,37.42484785007874,-122.0729599525774
1597355007434,37.424869492625035,-122.0730864121015
1597355008434,37.424876114202334,-122.07324471094857
1597355009434,37.42488257867393,-122.07340080082292
1597355010434,37.42487812829274,-122.07355466432993
1597355011434,37.42487751095494,-122.07370902524842
1597355012434,37.42488245277994,-122.07384854831143
1597355013434,37.42487037685668,-122.07401312027332
1597355014434,37.42488930489331,-122.07414992079275
1597355015434,37.42489507987295,-122.07429516130995
1597355016434,37.424898535737604,-122.07444408558054
1597355017434,37.42489802405571,-122.07459696199295
1597355018434,37.42488114847889,-122.07476308306188
1597355019434,37.424877260823926,-122.07493096293541
1597355020434,37.424889644596675,-122.07508948010702
1597355021434,37.424891686989504,-122.07522896338787
1597355022434,37.424888408892215,-122.07538700851498
1597355023434,37.42489367092128,-122.07552481576279
1597355024434,37.42489243909523,-122.07566453892267
1597355025434,37.42489036103888,-122.07580558032464
1597355026434,37.424892124419635,-122.07593526302098
1597355027434,37.42488648680119,-122.07607720404971
1597355028434,37.4248859070891,-122.07621265215569
1597355029434,37.424886743995145,-122.07635665598289
1597355030434,37.42488968432505,-122.07649540300773
1597355031434,37.42488741188982,-122.07663536230962
1597355032434,37.424884429410135,-122.0767724176771
1597355033434,37.42488741358798,-122.07690884071005
1597355034434,37.42488972950142,-122.07704405270442
1597355035434,37.42488623523359,-122.07717993623854
1597355036434,37.42488389267265,-122.07730485118199
1597355037434,37.42488096806055,-122.07742734508308
1597355038434,37.42487889817111,-122.07753024511402
1597355039434,37.42488068067971,-122.077619131668
1597355040434,37.42487309092938,-122.07767884566117
1597355041434,37.4248756331214,-122.07773939168122
1597355042434,37.42491080196122,-122.0777438448925
1597355043434,37.42493916670106,-122.07777228610713
1597355044434,37.42494341086079,-122.07779377341919
1597355045434,37.42498074089588,-122.07774794227745
1597355046434,37.424957253904296,-122.07777398808149
1597355047434,37.42492250866086,-122.07774853108377
1597355048434,37.42491731619268,-122.07774335107466
1597355049434,37.424910599514504,-122.07776906333838
1597355050434,37.424901936867,-122.07779059142361
1597355051434,37.424884276035755,-122.07784883004209
1597355052434,37.42487703495827,-122.077904352454
1597355053434,37.42483901391641,-122.07796194679662
1597355054434,37.42480303546194,-122.07802535479235
1597355055434,37.424751158490594,-122.0780529547377
1597355056434,37.42463736338961,-122.07810781462935
1597355057434,37.424555943880165,-122.07809755258906
1597355058434,37.424469215073614,-122.07809330775778
1597355059434,37.42436295720684,-122.07807904645783
1597355060434,37.42425061139557,-122.07806876321169
1597355061434,37.42415386142668,-122.07805761515486
1597355062434,37.42410503154508,-122.07804428126381
1597355063434,37.42397360822852,-122.07804892709335
1597355064434,37.42387671458954,-122.0780281392324
1597355065434,37.423797881496064,-122.07801523518395
1597355066434,37.42372742766069,-122.07800876291932
1597355067434,37.42366535674437,-122.0779882606193
1597355068434,37.42361459361699,-122.07800463985258
1597355069434,37.42357853053376,-122.07800616168996
1597355070434,37.42354657479767,-122.07802661889657
1597355071434,37.42352321451737,-122.07801870704162
1597355072434,37.42350166110757,-122.07803105397487
1597355073434,37.42350068976001,-122.07800677257845
1597355074434,37.4235073325517,-122.07800725346705
1597355075434,37.42352364258783,-122.0779895121061
1597355076434,37.42353393372625,-122.0779877229334
1597355077434,37.423537266076785,-122.07799334450388
1597355078434,37.423554892001924,-122.07801680357962
1597355079434,37.42355731541462,-122.0780208254006
1597355080434,37.423513620644854,-122.07798627590772
1597355081434,37.42353837191631,-122.07803394583256
1597355082434,37.423536283695924,-122.07805161960933
1597355083434,37.423531737033244,-122.0780514440168
1597355084434,37.4235356600772,-122.07804904891606
1597355085434,37.42353601915146,-122.07804795999516
1597355086434,37.42352319808558,-122.07804482680795
1597355087434,37.42349041159996,-122.07801181794507
1597355088434,37.42352021929949,-122.07800542195024
1597355089434,37.42350235683209,-122.0779979093181
1597355090434,37.423461275798886,-122.07799248344229
1597355091434,37.42341939582738,-122.07800378257208
1597355092434,37.42337756542921,-122.07800193638847
1597355093434,37.42330195618469,-122.07799733898348
1597355094434,37.42319195843388,-122.0779819055049
1597355095434,37.42308049903238,-122.07798745826825
1597355096434,37.42297654114586,-122.07798618396251
1597355097434,37.422859152511165,-122.07803446216913
1597355098434,37.42271741024375,-122.07805337969945
1597355099434,37.422558598121014,-122.07805666414468
1597355100434,37.422406862179635,-122.07807195881392
1597355101434,37.42226581343883,-122.07807865975788
1597355102434,37.42207635631927,-122.07806349014112
1597355103434,37.421943588318236,-122.07807168626714
1597355104434,37.421781361805785,-122.07807988077643
1597355105434,37.42162113819748,-122.07806720464188
1597355106434,37.421476150051326,-122.0780435199606
1597355107434,37.42133227026294,-122.078021610157
1597355108434,37.421196166836395,-122.07800903411967
1597355109434,37.42104956873954,-122.07800680772259
1597355110434,37.42093691891918,-122.0779958001243
1597355111434,37.420804946663324,-122.07799627188494
1597355112434,37.42065513925696,-122.07799110917433
1597355113434,37.420504900029336,-122.07799478689884
1597355114434,37.4203432849542,-122.07800147680604
1597355115434,37.42018469627888,-122.0780187537312
1597355116434,37.420028066808655,-122.07802271858151
1597355117434,37.41985761810106,-122.07802899620808
1597355118434,37.41963869046071,-122.07803283683377
1597355119434,37.419490538700344,-122.0780033096154
1597355120434,37.41930793425528,-122.07800756919815
1597355121434,37.4191393888989,-122.07802150252888
1597355122434,37.418959258232974,-122.07803382075575
1597355123434,37.41877591829477,-122.07803775992006
1597355124434,37.41859925415354,-122.07804763566797
1597355125434,37.41841288967691,-122.07804850607017
1597355126434,37.41823462105132,-122.07805038293368
1597355127434,37.41806219273698,-122.07803126408045
1597355128434,37.417881365664755,-122.07803893580467
1597355129434,37.41769027079357,-122.07814706119473
1597355130434,37.41749050958045,-122.07811413799438
1597355131434,37.41730964678698,-122.07811221450035
1597355132434,37.41713465507387,-122.07805476357437
1597355133434,37.41693847311556,-122.07807040608314
1597355134434,37.41676432096228,-122.07806530863573
1597355135434,37.41657969776658,-122.07806447748483
1597355136434,37.41641979424768,-122.07808667253954
1597355137434,37.416267534713775,-122.07810411223228
1597355138434,37.416128266622245,-122.07810971272116
1597355139434,37.41601365252626,-122.07810090434992
1597355140434,37.41591874031531,-122.07810676003139
1597355141434,37.4158330504854,-122.07810995272759
1597355142434,37.41582531682528,-122.07810408670642
1597355143434,37.415765888833825,-122.07810681001291
1597355144434,37.41573411892809,-122.07812919600875
1597355145434,37.41571229994046,-122.07812478431732
1597355146434,37.415696914700824,-122.07813519961296
1597355147434,37.415691186691,-122.07814683777178
1597355148434,37.415688470011155,-122.078159833769
1597355149434,37.41570796379262,-122.0781288016254
1597355150434,37.41570516500136,-122.07811435324028
1597355151434,37.4157046295261,-122.07811672309755
1597355152434,37.41569564504013,-122.07812778935143
1597355153434,37.4157033760089,-122.07815373040745
1597355154434,37.41569118350239,-122.07811246622373
1597355155434,37.4156164396238,-122.0781088357391
1597355156434,37.41552462845776,-122.07811335465853
1597355157434,37.41543818736462,-122.07811265147897
1597355158434,37.41528057077803,-122.0781141864725
1597355159434,37.41517861826911,-122.07812976043861
1597355160434,37.4150712346877,-122.07812619395018
1597355161434,37.414980172191335,-122.07815233724224
1597355162434,37.414865463921544,-122.07816977032594
1597355163434,37.41474960727725,-122.07817188722889
1597355164434,37.41463428491733,-122.07815695741691
1597355165434,37.414528985313545,-122.07814967490823
1597355166434,37.41436114547926,-122.07816625469214
1597355167434,37.414259753219454,-122.07818391298103
1597355168434,37.41417593092701,-122.07817835488501
1597355169434,37.41412211425177,-122.07817746843665
1597355170434,37.41405469121439,-122.07818585000702
1597355171434,37.41400546414561,-122.07818308991459
1597355172434,37.41400197586476,-122.07818940730785
1597355173434,37.41397561788444,-122.07817871430244
1597355174434,37.41395913262992,-122.07817840771605
1597355175434,37.41393917719126,-122.07817933221465
1597355176434,37.41394225014032,-122.07815997947282
1597355177434,37.41395142259809,-122.078177774478
1597355178434,37.41395735342835,-122.07816635986197
1597355179434,37.41396602418911,-122.07815145456023
1597355180434,37.41396625252508,-122.07815546959968
1597355181434,37.41399148366985,-122.0781280468959
1597355182434,37.413994950732935,-122.07813233039498
1597355183434,37.41401529970017,-122.07809329434747
1597355184434,37.41400702364368,-122.07810042295493
1597355185434,37.41401296601139,-122.07810450688683
1597355186434,37.413985211626006,-122.07810708282875
1597355187434,37.41399163728129,-122.07811067180958
1597355188434,37.41397729750027,-122.07809911029554
1597355189434,37.41398318053532,-122.07810207451135
1597355190434,37.41401521327015,-122.07810798958344
1597355191434,37.41401966190958,-122.07811008897238
1597355192434,37.41399836257306,-122.07810319123354
1597355193434,37.41400040845577,-122.0781045276153
1597355194434,37.41397181625004,-122.07823360308106
1597355195434,37.413970595144484,-122.07823413676016
1597355196434,37.414005151576,-122.0781834944869
1597355197434,37.41399979365407,-122.07818342561995
1597355198434,37.41397513196602,-122.07817061024598
1597355199434,37.41398471575264,-122.07814170286296
1597355200434,37.41397165345733,-122.07814109462959
1597355201434,37.41395623780354,-122.07814078424228
1597355202434,37.41393138599086,-122.07813991637796
1597355203434,37.41392788939504,-122.0781460590024
1597355204434,37.413857070689545,-122.07813836089474
1597355205434,37.41377933171321,-122.07814287081837
1597355206434,37.41369138117228,-122.07813944505075
1597355207434,37.413589193459146,-122.0781526214233
1597355208434,37.41349017992274,-122.07815928638003
1597355209434,37.41339715074337,-122.07815837076393
1597355210434,37.41329780708247,-122.07819331717751
1597355211434,37.41319732948718,-122.0781936504547
1597355212434,37.41307726755718,-122.07816328993148
1597355213434,37.41295806441307,-122.0781629787293
1597355214434,37.41282962325342,-122.07818696450735
1597355215434,37.41268616505022,-122.07818966927702
1597355216434,37.41254682874744,-122.07818681334881
1597355217434,37.41239157073074,-122.07816216423244
1597355218434,37.41224763783527,-122.07816131972164
1597355219434,37.41210767887668,-122.07821919089618
1597355220434,37.41197941322444,-122.07821702501228
1597355221434,37.41184815495978,-122.0782247149756
1597355222434,37.41173326129355,-122.07823617491718
1597355223434,37.41161048296185,-122.0782135480616
1597355224434,37.41151385380009,-122.07821925452949
1597355225434,37.4114112825562,-122.07823892304332
1597355226434,37.411315981248976,-122.07822856410677
1597355227434,37.41124057392963,-122.07824437287128
1597355228434,37.41116127614722,-122.07827925197728
1597355229434,37.41110333077605,-122.07832796448908
1597355230434,37.41104416650505,-122.07840831378259
1597355231434,37.41101354085983,-122.07848337081816
1597355232434,37.41095767782767,-122.07862355250363
1597355233434,37.41097042803112,-122.07871786566064
1597355234434,37.41097605083988,-122.0788739533457
1597355235434,37.411039576895064,-122.07895601173905
1597355236434,37.411163653802426,-122.07905537879171
1597355237434,37.411251577404876,-122.07909457023159
1597355238434,37.411377723618735,-122.07911016246271
1597355239434,37.41148084341411,-122.07908654763624
1597355240434,37.411566660791166,-122.07902152165775
1597355241434,37.41163232759191,-122.07894217447783
1597355242434,37.41168319177159,-122.07881284248441
1597355243434,37.411732641962374,-122.07869370451706
1597355244434,37.4117391198925,-122.07855571211869
1597355245434,37.411674779389564,-122.07830119363113
1597355246434,37.41164144484416,-122.0781444848248
1597355247434,37.41162442714466,-122.07801804551315
1597355248434,37.41156336074717,-122.07777203696966
1597355249434,37.41140753364478,-122.07764924690014
1597355250434,37.41133948201379,-122.07745904273209
1597355251434,37.411240950607045,-122.07729607152348
1597355252434,37.41115874872127,-122.07710196918964
1597355253434,37.4110862782457,-122.0768775599866
1597355254434,37.410997065910934,-122.07666198257354
1597355255434,37.41089994830664,-122.07643935849221
1597355256434,37.4108042794251,-122.07621727057278
1597355257434,37.410718720777126,-122.07598966119478
1597355258434,37.410627524278425,-122.07576583460346
1597355259434,37.410536256188934,-122.07553700150402
1597355260434,37.41044416640043,-122.07530709803216
1597355261434,37.41035188473813,-122.0750738483131
1597355262434,37.41025104216784,-122.07484030150151
1597355263434,37.410147267096406,-122.07461025094841
1597355264434,37.41004353376015,-122.07437141758912
1597355265434,37.40993420316604,-122.07414406507056
1597355266434,37.40982721623483,-122.07390286880995
1597355267434,37.40973801936522,-122.07366028183573
1597355268434,37.409632738424044,-122.07341660326954
1597355269434,37.409534997649416,-122.07322919515454
1597355270434,37.40943040409211,-122.07298751714295
1597355271434,37.4093091463445,-122.07273485906092
1597355272434,37.40920354548964,-122.07251520051592
1597355273434,37.40910166188882,-122.07229390509029
1597355274434,37.40900459821902,-122.07205452716467
1597355275434,37.40890191271725,-122.07181991003395
1597355276434,37.40879544984502,-122.07159756758723
1597355277434,37.40867521150943,-122.07136765512928
1597355278434,37.40856067897696,-122.07115863947318
1597355279434,37.408418239523414,-122.0709809955137
1597355280434,37.408268294040724,-122.0707980962554
1597355281434,37.40810523049957,-122.07063264705624
1597355282434,37.40793957385371,-122.07047932572799
1597355283434,37.407764684563766,-122.07036078597298
1597355284434,37.40758179797317,-122.07025272197433
1597355285434,37.40739888452464,-122.07016056688457
1597355286434,37.40721473897217,-122.07011037257992
1597355287434,37.407029362620015,-122.0700436454476
1597355288434,37.40683458632079,-122.06999477483512
1597355289434,37.40663734080649,-122.06997257113485
1597355290434,37.40643242048234,-122.06995330523955
1597355291434,37.406222612590824,-122.06999623400623
1597355292434,37.4060068013251,-122.06999052117938
1597355293434,37.40578597775848,-122.0700039141435
1597355294434,37.405565379573126,-122.06999857500931
1597355295434,37.405330730337404,-122.06998873705973
1597355296434,37.405085610606314,-122.0699844666838
1597355297434,37.40485009301288,-122.06998680224982
1597355298434,37.404599074543476,-122.06999723174972
1597355299434,37.40435046320764,-122.0700061475196
1597355300434,37.40409714006768,-122.07001127849185
1597355301434,37.40380113895341,-122.07001435027834
1597355302434,37.40354475004129,-122.07001654220636
1597355303434,37.403324285421625,-122.07002924200299
1597355304434,37.4030673118545,-122.07002706719433
1597355305434,37.402785990922034,-122.07005132198792
1597355306434,37.402530699495735,-122.07004426279322
1597355307434,37.40229495726446,-122.06998663092071
1597355308434,37.40203787672979,-122.06997398543663
1597355309434,37.40176710224236,-122.07000673355508
1597355310434,37.401507434237196,-122.06999078147612
1597355311434,37.40126702748994,-122.07004477108221
1597355312434,37.4010045313167,-122.070023620624
1597355313434,37.40068155438584,-122.07004412920493
1597355314434,37.400420035890875,-122.07001305627173
1597355315434,37.400163655893614,-122.06997091051481
1597355316434,37.39990469456082,-122.06992509688662
1597355317434,37.399710108542834,-122.06992101490286
1597355318434,37.39945385750154,-122.06986218638185
1597355319434,37.39917387130876,-122.0697731526731
1597355320434,37.3989221835019,-122.0697109391331
1597355321434,37.39863114782234,-122.06960414422686
1597355322434,37.398378412657735,-122.06954395873527
1597355323434,37.39809158852488,-122.06948248694648
1597355324434,37.397844323125554,-122.06942309446323
1597355325434,37.39764215459844,-122.0693630680957
1597355326434,37.397390777097684,-122.06930356457208
1597355327434,37.39712753334668,-122.06922000076365
1597355328434,37.396880174593846,-122.06916412851524
1597355329434,37.39665518657861,-122.06902219871402
1597355330434,37.39641330801812,-122.06896838379387
1597355331434,37.396209377940764,-122.06893591358106
1597355332434,37.39597064313911,-122.06888607891563
1597355333434,37.395734009925526,-122.06884649197606
1597355334434,37.395497406263715,-122.06880143923846
1597355335434,37.39521982158206,-122.06868906214235
1597355336434,37.394976760475686,-122.06865082670859
1597355337434,37.3947752572566,-122.06856590222198
1597355338434,37.39452545080628,-122.06853014934381
1597355339434,37.39425072290605,-122.0684805704489
1597355340434,37.39399531469239,-122.06845707633475
1597355341434,37.39372285153484,-122.06848536030168
1597355342434,37.39346627928682,-122.0684753279989
1597355343434,37.393175444841155,-122.06847893744799
1597355344434,37.392921104951526,-122.06847895871516
1597355345434,37.39268807361435,-122.06853826898136
1597355346434,37.39243473435313,-122.06854774817526
1597355347434,37.39212495864317,-122.06857389292568
1597355348434,37.3918709606547,-122.06858774265095
1597355349434,37.39158176417301,-122.06860972421738
1597355350434,37.39132726237593,-122.06862422875035
1597355351434,37.391107812296696,-122.0686781259032
1597355352434,37.39083970235409,-122.0686960043283
1597355353434,37.390589793887905,-122.06871542898018
1597355354434,37.39035325725321,-122.06874190022407
1597355355434,37.39012018610984,-122.06876168441056
1597355356434,37.3898819288872,-122.06878475084186
1597355357434,37.38964250390449,-122.0688068397648
1597355358434,37.38940676569169,-122.06883260916287
1597355359434,37.38916748675742,-122.06885330813878
1597355360434,37.388934186493394,-122.0688736705847
1597355361434,37.38869789355917,-122.06888452190472
1597355362434,37.38846363753073,-122.06888655282637
1597355363434,37.38822781106392,-122.06887944590991
1597355364434,37.38798767022705,-122.06886663345043
1597355365434,37.38774344147394,-122.06884302790284
1597355366434,37.38749508006429,-122.06881591049287
1597355367434,37.38724471479967,-122.06878567394648
1597355368434,37.38699316764269,-122.06875824738837
1597355369434,37.386742667298144,-122.06872935634955
1597355370434,37.38649753504415,-122.06870051037342
1597355371434,37.38625285669563,-122.06867122683245
1597355372434,37.386010465085945,-122.06864249210187
1597355373434,37.38576673082664,-122.06861381957427
1597355374434,37.38552186311978,-122.06858620105359
1597355375434,37.38527634391794,-122.06855811730894
1597355376434,37.38503301710575,-122.06853146830544
1597355377434,37.384793129740316,-122.06850605527016
1597355378434,37.384555528030155,-122.06848032848653
1597355379434,37.38431886770609,-122.06845363243185
1597355380434,37.38407998623425,-122.06842390722525
1597355381434,37.38383937145373,-122.06839389952017
1597355382434,37.383596447468946,-122.06836571411714
1597355383434,37.383350539438645,-122.0683369316078
1597355384434,37.383105961846624,-122.06830926036048
1597355385434,37.382861849108366,-122.06828421965537
1597355386434,37.38261646850184,-122.06825861943366
1597355387434,37.382369141000495,-122.06823234846625
1597355388434,37.382118434374846,-122.06820576478599
1597355389434,37.38186611801731,-122.06817956827373
1597355390434,37.38161047677101,-122.06815333523176
1597355391434,37.381353918221194,-122.06812574586174
1597355392434,37.381094609246006,-122.06809906438461
1597355393434,37.380834699512306,-122.06807073554349
1597355394434,37.38057461401078,-122.06804327671425
1597355395434,37.38031636468743,-122.06801467801337
1597355396434,37.38006004557361,-122.06798531298324
1597355397434,37.379806788994955,-122.0679567161502
1597355398434,37.379555634351284,-122.06793041939981
1597355399434,37.37930455747173,-122.06790413431607
1597355400434,37.37905288013838,-122.06787550781996
1597355401434,37.37879919511432,-122.06784708085092
1597355402434,37.378547307199185,-122.06782027026608
1597355403434,37.3782949931548,-122.06779419559454
1597355404434,37.37804158830719,-122.06777433778915
1597355405434,37.37778902609262,-122.06776541531843
1597355406434,37.377534653201785,-122.0677657944338
1597355407434,37.37728167262268,-122.06777639760429
1597355408434,37.37702960190871,-122.06779848480825
1597355409434,37.376778750494594,-122.06782993562027
1597355410434,37.376529791038784,-122.06786464623438
1597355411434,37.37628063409511,-122.06789775325421
1597355412434,37.37603171763554,-122.06792972723787
1597355413434,37.37578326500391,-122.06796106800779
1597355414434,37.375538625784536,-122.06798974583181
1597355415434,37.37529686909149,-122.06801312669727
1597355416434,37.375057643128656,-122.06802917526994
1597355417434,37.374818929034205,-122.06803104983081
1597355418434,37.37457841167026,-122.06802066676
1597355419434,37.374338988231735,-122.06799761781339
1597355420434,37.374100635592605,-122.06796160478778
1597355421434,37.373864136339805,-122.06791151638433
1597355422434,37.373628945866756,-122.06784828973679
1597355423434,37.37339800329124,-122.06777387460316
1597355424434,37.373171685135574,-122.06768790585411
1597355425434,37.37294986013585,-122.06759042817251
1597355426434,37.37272903680755,-122.06748049675862
1597355427434,37.37250858934317,-122.06735752032085
1597355428434,37.372289625265026,-122.06722485150057
1597355429434,37.37206776788105,-122.06708671773646
1597355430434,37.3718410962928,-122.0669446143767
1597355431434,37.37161123698548,-122.06680419961798
1597355432434,37.37137906892676,-122.06666341678807
1597355433434,37.37114413459797,-122.06652270132042
1597355434434,37.37090818647918,-122.06637870750667
1597355435434,37.37067327238408,-122.06623691196538
1597355436434,37.37043939345535,-122.0660968338616
1597355437434,37.370208342673905,-122.06595458206155
1597355438434,37.36998045240393,-122.0658139595756
1597355439434,37.36975399679935,-122.06567512463702
1597355440434,37.36952937525899,-122.06553865431486
1597355441434,37.36930858934135,-122.06540291675982
1597355442434,37.36908848819424,-122.06526892604771
1597355443434,37.36886832047085,-122.06513548118107
1597355444434,37.36864778914668,-122.0650007467322
1597355445434,37.368426816008004,-122.06486677512848
1597355446434,37.36820785333083,-122.06473483323798
1597355447434,37.36798891789643,-122.06460303383973
1597355448434,37.3677686418271,-122.06447025494025
1597355449434,37.36754573520991,-122.06433434705676
1597355450434,37.36732053089874,-122.06419696428173
1597355451434,37.36709407012897,-122.06405983668876
1597355452434,37.36686540251926,-122.0639242363068
1597355453434,37.366636525812915,-122.06379010577373
1597355454434,37.36640571435164,-122.0636620401244
1597355455434,37.36617204437352,-122.06354330872803
1597355456434,37.36593423075666,-122.06343571685518
1597355457434,37.36569231017032,-122.0633402925854
1597355458434,37.36544663394321,-122.06325607071207
1597355459434,37.36519873765256,-122.06318364032228
1597355460434,37.36495413332969,-122.06312288242695
1597355461434,37.364710973277894,-122.0630736814596
1597355462434,37.3644637696084,-122.0630359302491
1597355463434,37.36421501458502,-122.06301009440618
1597355464434,37.36396500734735,-122.06299586460959
1597355465434,37.363714453157435,-122.06299106079764
1597355466434,37.36346276164699,-122.06299147307055
1597355467434,37.36320873810417,-122.06299342970166
1597355468434,37.36295254007862,-122.06299632544902
1597355469434,37.362694933080576,-122.063000459131
1597355470434,37.3624365709292,-122.06300487869392
1597355471434,37.36217794126343,-122.06300905043776
1597355472434,37.36191993446911,-122.06301463494118
1597355473434,37.3616614825926,-122.06302068138478
1597355474434,37.361402110041624,-122.06302628087494
1597355475434,37.36114164232317,-122.06303144139144
1597355476434,37.36088041696669,-122.06303690024579
1597355477434,37.36061868993753,-122.06304223784977
1597355478434,37.36035567450119,-122.06304820251593
1597355479434,37.360090921304064,-122.06305482292863
1597355480434,37.35982466344477,-122.06305964491305
1597355481434,37.35955797845508,-122.06306077711882
1597355482434,37.359291453141786,-122.06305605915487
1597355483434,37.35902490073114,-122.0630444326136
1597355484434,37.358758114132456,-122.06302639872655
1597355485434,37.3584912974268,-122.0630020901544
1597355486434,37.35822504070571,-122.06296933030073
1597355487434,37.35795793315422,-122.06292872607261
1597355488434,37.357690451134104,-122.06288144661161
1597355489434,37.3574234134561,-122.06282754539953
1597355490434,37.35715785556543,-122.06276703137769
1597355491434,37.35689328034846,-122.0627011291914
1597355492434,37.356629755625924,-122.06262994338769
1597355493434,37.35637050898125,-122.06255171417259
1597355494434,37.35611253620121,-122.06246727662567
1597355495434,37.355854842005634,-122.06237888995487
1597355496434,37.35560170273878,-122.0622851777675
1597355497434,37.355356219656144,-122.0621859924813
1597355498434,37.35511582063337,-122.06208277472064
1597355499434,37.354879526857786,-122.06197529140539
1597355500434,37.35464750161562,-122.06186369155365
1597355501434,37.35441814476159,-122.06174939152929
1597355502434,37.354189760118295,-122.06163366195608
1597355503434,37.353960527522446,-122.06151848251069
1597355504434,37.35373031192301,-122.06140332112294
1597355505434,37.35349932001405,-122.06128726921293
1597355506434,37.35326786865014,-122.0611710670627
1597355507434,37.35303559320261,-122.0610576722512
1597355508434,37.35280220240784,-122.06095009124384
1597355509434,37.35256772708852,-122.0608490590491
1597355510434,37.35233262438587,-122.06075373817134
1597355511434,37.35209621293034,-122.06066370226463
1597355512434,37.35185853302167,-122.06057905647246
1597355513434,37.35161931326809,-122.06050032533388
1597355514434,37.351378458109096,-122.06042622030854
1597355515434,37.35113485242461,-122.06035726055738
1597355516434,37.35088768062141,-122.06029398234362
1597355517434,37.35063730916509,-122.06023650391849
1597355518434,37.350384629092595,-122.0601850376831
1597355519434,37.35013077552414,-122.06013970667193
1597355520434,37.349875933841155,-122.06010013742856
1597355521434,37.34962122873758,-122.06006667537541
1597355522434,37.34936601692334,-122.06003782425984
1597355523434,37.349109360393285,-122.06001449791245
1597355524434,37.34885021338905,-122.05999698134201
1597355525434,37.348589755452565,-122.05998388741094
1597355526434,37.348328423404915,-122.05997623295107
1597355527434,37.348066314912,-122.05997401308593
1597355528434,37.34780432854477,-122.05997421598117
1597355529434,37.3475426283809,-122.059973901387
1597355530434,37.347281464044926,-122.05997282260773
1597355531434,37.3470219698269,-122.05997298457956
1597355532434,37.346764277398876,-122.05997367629631
1597355533434,37.346508204264865,-122.05997397424508
1597355534434,37.34625401762264,-122.05997370705406
1597355535434,37.346001811907755,-122.05997336249159
1597355536434,37.345751023286915,-122.05997268323911
1597355537434,37.345500667169524,-122.05997147495626
1597355538434,37.345249656469946,-122.05996961825136
1597355539434,37.34499695238068,-122.05996754615639
1597355540434,37.34474104023013,-122.05996503747399
1597355541434,37.34448242335457,-122.05996218523036
1597355542434,37.344220567053085,-122.05995911550994
1597355543434,37.343955350956925,-122.05995508004023
1597355544434,37.34368666730754,-122.05995049883
1597355545434,37.343414106905,-122.05994581372737
1597355546434,37.34313686804764,-122.0599402282511
1597355547434,37.34285497123507,-122.05993421249399
1597355548434,37.342570738279235,-122.0599301505587
1597355549434,37.34228694884918,-122.05992918599297
1597355550434,37.34200556803714,-122.05992967175281
1597355551434,37.341726462488786,-122.05992937310813
1597355552434,37.341448923459744,-122.05992827796881
1597355553434,37.34117247856487,-122.05992684399929
1597355554434,37.340896946659036,-122.05992590720658
1597355555434,37.34062172526143,-122.05992560807732
1597355556434,37.34034631348691,-122.05992566747355
1597355557434,37.34007184262159,-122.05992640292885
1597355558434,37.33979959304744,-122.05992727939999
1597355559434,37.339534630307526,-122.05992718712947
1597355560434,37.339282861494475,-122.0599247350273
1597355561434,37.339044967506986,-122.05991915814725
1597355562434,37.3388180348341,-122.05991003971471
1597355563434,37.33859842703434,-122.05989793786561
1597355564434,37.33838407528459,-122.05988225842532
1597355565434,37.338172546869544,-122.05986402472114
1597355566434,37.337959851855985,-122.05984086572538
1597355567434,37.33774396085356,-122.05980609609085
1597355568434,37.33751615826658,-122.05975980003957
1597355569434,37.33727030883512,-122.05970220314926
1597355570434,37.33701104881535,-122.0596331265494
1597355571434,37.33674201799889,-122.05956077261521
1597355572434,37.3364649552267,-122.0594865813819
1597355573434,37.33618410420691,-122.05941058047779
1597355574434,37.33590406724861,-122.05933495405979
1597355575434,37.335627362403876,-122.05926403210886
1597355576434,37.335356620594766,-122.05920086362502
1597355577434,37.335093295404754,-122.05914561318903
1597355578434,37.33484220351632,-122.05909649643212
1597355579434,37.33460565175162,-122.05905235537692
1597355580434,37.33438749855249,-122.0590096879758
1597355581434,37.334192692193206,-122.05896865273796
1597355582434,37.33401886447174,-122.05893460505709
1597355583434,37.33385744272246,-122.05891894252122
1597355584434,37.333699193757106,-122.05893233472429
1597355585434,37.33354621273752,-122.0589794953535
1597355586434,37.333404481234076,-122.0590641364513
1597355587434,37.3332791546695,-122.05918503748248
1597355588434,37.333173068943566,-122.05933625262249
1597355589434,37.333088930933805,-122.05951496220626
1597355590434,37.33302612960424,-122.05971392894541
1597355591434,37.332980261509185,-122.05992920649015
1597355592434,37.332949325701364,-122.06015975980291
1597355593434,37.332937943057594,-122.06040747675154
1597355594434,37.33294667534187,-122.06066856267402
1597355595434,37.332979072360565,-122.06094153633266
1597355596434,37.33303540409893,-122.06122033487544
1597355597434,37.333110898957905,-122.06150395774341
1597355598434,37.33319712762164,-122.06179135657763
1597355599434,37.33328764455635,-122.06207721295667
1597355600434,37.33337893135462,-122.06235756379212
1597355601434,37.333467041575915,-122.06263264304683
1597355602434,37.33355085536084,-122.06290577374618
1597355603434,37.33363387500942,-122.06318215682842
1597355604434,37.333722129872726,-122.06346464708871
1597355605434,37.33381801260986,-122.06375490979741
1597355606434,37.333919219852746,-122.06405597577098
1597355607434,37.33402133091946,-122.06436748101534
1597355608434,37.33411853951869,-122.06468852174262
1597355609434,37.334207996633275,-122.06501834896665
1597355610434,37.3342884047515,-122.06535595332737
1597355611434,37.3343586251543,-122.0657007033236
1597355612434,37.33441846950181,-122.0660504921922
1597355613434,37.334467389513684,-122.0664037413346
1597355614434,37.33450645938164,-122.06675795984165
1597355615434,37.334535015790955,-122.06710877835606
1597355616434,37.33455334666195,-122.06745445963989
1597355617434,37.3345616829909,-122.06779324746532
1597355618434,37.33456155665015,-122.0681283363477
1597355619434,37.334552016716735,-122.06845915826115
1597355620434,37.33453297811526,-122.06878804827734
1597355621434,37.3345041381846,-122.06911742275157
1597355622434,37.33446581623443,-122.06944970799053
1597355623434,37.334416367731,-122.0697847612059
1597355624434,37.33435983602714,-122.07012009190704
1597355625434,37.33429969680224,-122.0704522735329
1597355626434,37.334238634610834,-122.07078133424406
1597355627434,37.334177241139216,-122.0711081989875
1597355628434,37.334114620442655,-122.07143457827333
1597355629434,37.33405184464364,-122.07176139403562
1597355630434,37.33399022368807,-122.07208887262169
1597355631434,37.33392936814963,-122.07241706049113
1597355632434,37.333868605684934,-122.07274607120453
1597355633434,37.33380980366343,-122.07307493680248
1597355634434,37.33375847532121,-122.07340434983729
1597355635434,37.333717658853914,-122.07373495161652
1597355636434,37.33368510952856,-122.0740673990839
1597355637434,37.33366387640705,-122.07440245683614
1597355638434,37.333656144730455,-122.07474052300009
1597355639434,37.333658313307666,-122.075081398068
1597355640434,37.33366902182574,-122.07542342802977
1597355641434,37.33369063308983,-122.0757673351153
1597355642434,37.33372402327034,-122.0761126542954
1597355643434,37.33376830462772,-122.0764580184406
1597355644434,37.33382543594275,-122.07680240331979
1597355645434,37.333898684268455,-122.07714514438733
1597355646434,37.3339849927852,-122.07748446337314
1597355647434,37.3340821667511,-122.07782278384195
1597355648434,37.33419143726986,-122.0781590242924
1597355649434,37.33431576954282,-122.07849031858645
1597355650434,37.334453518687255,-122.07881702551111
1597355651434,37.334602660900444,-122.07913821535517
1597355652434,37.33476341168575,-122.0794499672805
1597355653434,37.33493525621756,-122.07975204309521
1597355654434,37.33511862650395,-122.08004658909482
1597355655434,37.33531425945658,-122.08033291067423
1597355656434,37.33552090421442,-122.08061242938693
1597355657434,37.3357346220022,-122.08088989956839
1597355658434,37.33595133984476,-122.08116959109842
1597355659434,37.33616902829701,-122.0814550014116
1597355660434,37.336388084879445,-122.08174317942536
1597355661434,37.33660855088063,-122.0820318689559
1597355662434,37.33682747506573,-122.08232379856489
1597355663434,37.33704417430695,-122.0826191066046
1597355664434,37.337255584648716,-122.08291784245311
1597355665434,37.33745981449092,-122.0832218957
1597355666434,37.33765508117196,-122.08353127662443
1597355667434,37.33784295878386,-122.08384424095269
1597355668434,37.338023908238725,-122.08416074220062
1597355669434,37.33820072578043,-122.08447597205395
1597355670434,37.3383771697842,-122.0847906649646
1597355671434,37.338553174728744,-122.08510908922693
1597355672434,37.33873070816246,-122.08543128323625
1597355673434,37.33890880735922,-122.08575558629515
1597355674434,37.33908775404065,-122.08608153387392
1597355675434,37.33926801609832,-122.08640767285694
1597355676434,37.33944928683143,-122.08673321903862
1597355677434,37.339629757943,-122.08705751526983
1597355678434,37.339809143117385,-122.08738032712556
1597355679434,37.33998515611958,-122.08770444634006
1597355680434,37.34015833194874,-122.08803351766622
1597355681434,37.3403302588605,-122.08836958909417
1597355682434,37.340499775790946,-122.088711362677
1597355683434,37.340667453766294,-122.08905839342775
1597355684434,37.34083327692115,-122.08940900321225
1597355685434,37.34099902176694,-122.0897630021002
1597355686434,37.341167187188354,-122.09011736115224
1597355687434,37.341338910074825,-122.09046951859894
1597355688434,37.34151776935655,-122.09081691431584
1597355689434,37.34170611848295,-122.0911562599085
1597355690434,37.341904467396375,-122.0914850215183
1597355691434,37.34211362835735,-122.0918000002045
1597355692434,37.34233289391557,-122.09210020599373
1597355693434,37.34255977588013,-122.09238592598972
1597355694434,37.342790734336816,-122.09265956190553
1597355695434,37.343023887531594,-122.09292735965415
1597355696434,37.343256539852305,-122.09319457363051
1597355697434,37.3434886097426,-122.0934612713513
1597355698434,37.34372020795176,-122.09372642611415
1597355699434,37.34394939137501,-122.09399003514217
1597355700434,37.3441724038844,-122.09425366869759
1597355701434,37.34438768133573,-122.09452101625239
1597355702434,37.34459295592044,-122.09479683551069
1597355703434,37.34478747411929,-122.09508411178226
1597355704434,37.34497327066631,-122.09538210571642
1597355705434,37.345148285464695,-122.09568909336406
1597355706434,37.3453119450671,-122.0960025101868
1597355707434,37.34546563786026,-122.09632215829214
1597355708434,37.34560952805766,-122.09664840761963
1597355709434,37.3457484204087,-122.09697837989103
1597355710434,37.34588755899172,-122.09730999496685
1597355711434,37.34602763610057,-122.09764127021464
1597355712434,37.34616656261335,-122.09797402670253
1597355713434,37.34630360726323,-122.09831138538165
1597355714434,37.34643972951012,-122.09865060031565
1597355715434,37.346575058058555,-122.09898796336407
1597355716434,37.346709990260656,-122.0993211579836
1597355717434,37.34684490570429,-122.0996496345673
1597355718434,37.34698085702482,-122.09997422266454
1597355719434,37.34711745528254,-122.10029720028678
1597355720434,37.34725395293756,-122.10061959916756
1597355721434,37.347391198633446,-122.10094050500167
1597355722434,37.347529189437495,-122.10125962707117
1597355723434,37.34767130821049,-122.10157671021757
1597355724434,37.347821492972685,-122.10188830652056
1597355725434,37.34798212949044,-122.10219235253767
1597355726434,37.348154452460555,-122.10248774199552
1597355727434,37.348339751978166,-122.10277145282114
1597355728434,37.34853539979262,-122.10304167109304
1597355729434,37.34874090117743,-122.10329854360216
1597355730434,37.348955639307746,-122.10354330018147
1597355731434,37.34917941493804,-122.10377651421169
1597355732434,37.349412205408306,-122.10399575440033
1597355733434,37.349653451754335,-122.1042001032805
1597355734434,37.34990050961908,-122.10439436493135
1597355735434,37.35015024571559,-122.10458524311285
1597355736434,37.35040075682019,-122.10477398444972
1597355737434,37.35065037657568,-122.10496111290189
1597355738434,37.35089751003408,-122.10514774362217
1597355739434,37.35114126751592,-122.10533303370771
1597355740434,37.35138062401495,-122.10551941046214
1597355741434,37.3516141087704,-122.1057096274669
1597355742434,37.35184066781488,-122.10590571722808
1597355743434,37.352060094996574,-122.10611024851175
1597355744434,37.352274302630086,-122.10632544386968
1597355745434,37.35248385620686,-122.10655125225148
1597355746434,37.352687456123576,-122.10678470851498
1597355747434,37.352882312489136,-122.10702594357885
1597355748434,37.35306758888364,-122.10727445840736
1597355749434,37.35324425268766,-122.10752789337275
1597355750434,37.35341444751617,-122.10778625639037
1597355751434,37.35357926792897,-122.10805338004143
1597355752434,37.35373849527616,-122.10833142433115
1597355753434,37.35389045048729,-122.10861888694097
1597355754434,37.354034522702754,-122.10891521788993
1597355755434,37.354170140257885,-122.10922143654209
1597355756434,37.3542959881267,-122.10953812150731
1597355757434,37.3544135677446,-122.10986358608459
1597355758434,37.35452385585242,-122.11019465260144
1597355759434,37.3546250229515,-122.11052927607652
1597355760434,37.35471769104308,-122.11086581739214
1597355761434,37.35480464139757,-122.11120299883817
1597355762434,37.3548895151782,-122.11153856478256
1597355763434,37.35497372879435,-122.11187149243283
1597355764434,37.355056612226086,-122.11220427741851
1597355765434,37.35513901235775,-122.11253823320422
1597355766434,37.35522261277778,-122.11287197931934
1597355767434,37.35530936710786,-122.11320329300843
1597355768434,37.3554035410746,-122.11353038198706
1597355769434,37.35550857302291,-122.11384911228367
1597355770434,37.355622371355075,-122.11416020136105
1597355771434,37.35574245078085,-122.11446594916855
1597355772434,37.35586915438791,-122.11476589552787
1597355773434,37.35600413452648,-122.11505766179529
1597355774434,37.356146032400346,-122.1153390721469
1597355775434,37.3562935383136,-122.11561028920663
1597355776434,37.35644860106083,-122.11587503453919
1597355777434,37.356611315173964,-122.11613628751357
1597355778434,37.35678141446481,-122.11638994398892
1597355779434,37.35695885667786,-122.11663244512168
1597355780434,37.35714257079517,-122.11686714342443
1597355781434,37.35733212628842,-122.11709549580837
1597355782434,37.357527913374106,-122.11731724913973
1597355783434,37.357731126295214,-122.11753190053265
1597355784434,37.35794268990618,-122.11773810808639
1597355785434,37.35816151251623,-122.11793621022095
1597355786434,37.358387660188804,-122.11812600013246
1597355787434,37.35862053877432,-122.11830865483671
1597355788434,37.35886125346449,-122.11848395574242
1597355789434,37.35910968425347,-122.11865046995491
1597355790434,37.35936241393272,-122.11880871577226
1597355791434,37.35961439712474,-122.11896165964328
1597355792434,37.35986565983202,-122.11911207438112
1597355793434,37.36011517502272,-122.1192613683638
1597355794434,37.360364084520796,-122.11940977366415
1597355795434,37.36061238226283,-122.11955921494379
1597355796434,37.36086052646958,-122.11971109390306
1597355797434,37.36111223128237,-122.11986703327867
1597355798434,37.36136716434511,-122.12002716157359
1597355799434,37.36162374343852,-122.1201971070636
1597355800434,37.361880015313055,-122.12038146470677
1597355801434,37.362134691397635,-122.12058440860818
1597355802434,37.36238632600279,-122.1208083279889
1597355803434,37.362632851306294,-122.12105308748627
1597355804434,37.362870474356455,-122.121314639989
1597355805434,37.36309773078833,-122.1215874590607
1597355806434,37.36331224260106,-122.1218709051731
1597355807434,37.36351264554783,-122.12216469953506
1597355808434,37.36370236485755,-122.12246399592193
1597355809434,37.363881460528766,-122.12276711917175
1597355810434,37.364047883618,-122.1230784194934
1597355811434,37.36420032453526,-122.1234002806183
1597355812434,37.36434009343189,-122.12373218551052
1597355813434,37.36446611882843,-122.12407391449825
1597355814434,37.36457844466924,-122.12442455082795
1597355815434,37.36467825533408,-122.12478211369016
1597355816434,37.364764324852985,-122.12514554247808
1597355817434,37.36483492363367,-122.12551417471306
1597355818434,37.36489072568812,-122.12588664859761
1597355819434,37.36493268395656,-122.12626017186965
1597355820434,37.36496137250571,-122.12663165970454
1597355821434,37.364976620644924,-122.1270024188997
1597355822434,37.364980746567824,-122.12737201282715
1597355823434,37.36498132333498,-122.12773975603226
1597355824434,37.36498283785041,-122.12810645512414
1597355825434,37.364983339536955,-122.12847104398239
1597355826434,37.36498564976898,-122.12883262076156
1597355827434,37.36499205122283,-122.129190739135
1597355828434,37.36500473535908,-122.12954502588717
1597355829434,37.365030297900034,-122.12989567152812
1597355830434,37.3650704788783,-122.13024226859017
1597355831434,37.365122607887045,-122.1305843252812
1597355832434,37.36518731856801,-122.13092207934827
1597355833434,37.3652659279298,-122.13125425297304
1597355834434,37.36535460401995,-122.13158175802455
1597355835434,37.365447977364475,-122.13190712360151
1597355836434,37.36554436251516,-122.1322323733787
1597355837434,37.36564208458377,-122.13255875754082
1597355838434,37.365739701361875,-122.13288609810006
1597355839434,37.36583669096354,-122.13321410139267
1597355840434,37.36593374473853,-122.1335424570115
1597355841434,37.36603203097638,-122.13386937663013
1597355842434,37.36613002604306,-122.13419292778838
1597355843434,37.366225617551486,-122.13451227777666
1597355844434,37.36631950639447,-122.13482915611155
1597355845434,37.36641329541391,-122.1351470081513
1597355846434,37.36650879529414,-122.13546638707251
1597355847434,37.36660720280777,-122.13578722383761
1597355848434,37.36670659380593,-122.13611017880122
1597355849434,37.36680622257987,-122.13643429457649
1597355850434,37.36690680707683,-122.13675682357726
1597355851434,37.36701053444573,-122.1370751190989
1597355852434,37.36712042508029,-122.13738894072036
1597355853434,37.36723761267346,-122.13769768425509
1597355854434,37.367362777265946,-122.13800088126432
1597355855434,37.36749687201075,-122.13829783354711
1597355856434,37.367640916076816,-122.13858774973062
1597355857434,37.36779407399534,-122.13887015963049
1597355858434,37.367953063575314,-122.13914504801234
1597355859434,37.368116768215195,-122.13941360758966
1597355860434,37.36828606201293,-122.13967487397214
1597355861434,37.36846298905808,-122.13992852634316
1597355862434,37.36864769062092,-122.14017628824524
1597355863434,37.368840251155774,-122.14041789301776
1597355864434,37.36904266571818,-122.14065146370282
1597355865434,37.369253874893914,-122.14087738782762
1597355866434,37.369472074967554,-122.1410977880731
1597355867434,37.36969914536305,-122.14131251724662
1597355868434,37.36993135372572,-122.14152275728546
1597355869434,37.37016718099632,-122.1417332078255
1597355870434,37.37040488918269,-122.1419470524949
1597355871434,37.37064343795624,-122.14216457920037
1597355872434,37.370883948347306,-122.1423834700487
1597355873434,37.37112478390858,-122.14260072241456
1597355874434,37.37136494007849,-122.14281604822861
1597355875434,37.3716056231677,-122.14303180375452
1597355876434,37.3718489400069,-122.1432480857084
1597355877434,37.37209317436685,-122.14346367310527
1597355878434,37.372334712649845,-122.14368073737074
1597355879434,37.37257427206633,-122.143898770714
1597355880434,37.37281559140999,-122.14411586463534
1597355881434,37.373059171603856,-122.14433400473217
1597355882434,37.37330340380767,-122.1445524013218
1597355883434,37.373548053629314,-122.14477001192587
1597355884434,37.3737913300703,-122.14498885833846
1597355885434,37.374032225189666,-122.1452133568989
1597355886434,37.37427303956732,-122.14544461649656
1597355887434,37.3745139904402,-122.14568132933385
1597355888434,37.374753157174545,-122.14592437393937
1597355889434,37.3749903807568,-122.14617257893855
1597355890434,37.37522569505497,-122.14642408868401
1597355891434,37.37545804449712,-122.14667961227327
1597355892434,37.375687575304305,-122.14693929823697
1597355893434,37.375916675438575,-122.14719974819008
1597355894434,37.376145632049386,-122.14746161356928
1597355895434,37.376375495350985,-122.1477240531507
1597355896434,37.37660730255623,-122.14798720328356
1597355897434,37.376839778038644,-122.14825245619902
1597355898434,37.3770720828353,-122.14851833310917
1597355899434,37.37730448605557,-122.14878349335544
1597355900434,37.37753878107427,-122.1490439936194
1597355901434,37.3777767830559,-122.14929495601676
1597355902434,37.37802026366025,-122.14953464279972
1597355903434,37.37827163092321,-122.1497626894614
1597355904434,37.378532604148475,-122.14997807089257
1597355905434,37.3788035976144,-122.15018019420059
1597355906434,37.379082585915555,-122.15037210103236
1597355907434,37.379368653418496,-122.15055518548829
1597355908434,37.37966328590084,-122.15072439618505
1597355909434,37.37996536177984,-122.15087891321086
1597355910434,37.38027421147634,-122.15101782410929
1597355911434,37.38058928209646,-122.15114133670906
1597355912434,37.38090999667468,-122.15125173205804
1597355913434,37.381237374967306,-122.15134865259793
1597355914434,37.381570966017335,-122.15143103555131
1597355915434,37.38190848667157,-122.15150505083965
1597355916434,37.38224676783389,-122.15157674493474
1597355917434,37.382584181905976,-122.1516463322428
1597355918434,37.382919465698315,-122.15171491900122
1597355919434,37.383251519176596,-122.1517832802892
1597355920434,37.38358090108356,-122.15185186936803
1597355921434,37.38390742956093,-122.15192708030213
1597355922434,37.38423162034893,-122.15201394824147
1597355923434,37.38455417965995,-122.15211574818663
1597355924434,37.384871787346896,-122.15224045574968
1597355925434,37.38518372720739,-122.15239032613832
1597355926434,37.38549085275294,-122.15256208524099
1597355927434,37.38579106559646,-122.15275343809533
1597355928434,37.38608032471301,-122.15296605417443
1597355929434,37.386356378342455,-122.15319917367789
1597355930434,37.38661678600951,-122.15345035935813
1597355931434,37.38686093543117,-122.15371575135502
1597355932434,37.38708951717834,-122.15399306540031
1597355933434,37.38729956655481,-122.15428253428834
1597355934434,37.38749060190309,-122.15458159381446
1597355935434,37.387664282022925,-122.15488701208177
1597355936434,37.38782298492968,-122.15519645795875
1597355937434,37.38796773157244,-122.15550848237896
1597355938434,37.388097865839455,-122.15582281636937
1597355939434,37.38821439898965,-122.15613830355433
1597355940434,37.38831837462936,-122.15645511834303
1597355941434,37.38841068759049,-122.1567765002521
1597355942434,37.38849200333531,-122.15710534865288
1597355943434,37.38856117584069,-122.15744113056164
1597355944434,37.38861886488302,-122.15778059666299
1597355945434,37.388669260141796,-122.15812016582768
1597355946434,37.388716730023596,-122.1584575001558
1597355947434,37.38876326208252,-122.15879186427789
1597355948434,37.388809836036636,-122.1591236432879
1597355949434,37.3888559695011,-122.15945293511173
1597355950434,37.38890181291298,-122.15978129438813
1597355951434,37.38894817694427,-122.1601103362279
1597355952434,37.38899614707344,-122.1604418843254
1597355953434,37.38904700395546,-122.16077675846473
1597355954434,37.3891035943768,-122.16111318148417
1597355955434,37.389172154901296,-122.16145039306686
1597355956434,37.389254725553144,-122.16178751160986
1597355957434,37.389349133201186,-122.16212289522905
1597355958434,37.38945381043695,-122.16245767758313
1597355959434,37.3895703217177,-122.16279168634713
1597355960434,37.38970172330848,-122.16312125122099
1597355961434,37.38984636167223,-122.16344408379005
1597355962434,37.390001256544025,-122.16375956364483
1597355963434,37.390165940862694,-122.16406702167556
1597355964434,37.39034001180488,-122.16436550041819
1597355965434,37.39052017921901,-122.16465613517423
1597355966434,37.390700775463,-122.16494492598976
1597355967434,37.390879971536044,-122.16523639680676
1597355968434,37.391057969212504,-122.16553165004719
1597355969434,37.39123101584021,-122.16583354010967
1597355970434,37.391393925927005,-122.16614619009984
1597355971434,37.39154367547458,-122.16647002073996
1597355972434,37.391678877631215,-122.16680202720151
1597355973434,37.391798171944735,-122.16713817749711
1597355974434,37.391901582669526,-122.16747611222792
1597355975434,37.39198927964749,-122.16781374158552
1597355976434,37.392062102916924,-122.16815055940873
1597355977434,37.392121393246086,-122.16848915908238
1597355978434,37.3921669782891,-122.16883101319392
1597355979434,37.392198762395026,-122.16917563305763
1597355980434,37.392221160817485,-122.16952284100319
1597355981434,37.39224004199955,-122.16987324311525
1597355982434,37.392260144124336,-122.17022609096566
1597355983434,37.39228210916876,-122.17057982811123
1597355984434,37.392304898254174,-122.17093368293703
1597355985434,37.39232977470432,-122.17128440042188
1597355986434,37.3923605747535,-122.17162825550186
1597355987434,37.39240022339039,-122.1719631146587
1597355988434,37.39244916081577,-122.17229000034338
1597355989434,37.39250736822549,-122.17261335159822
1597355990434,37.39257678390653,-122.17293538324199
1597355991434,37.39265779559303,-122.1732583714748
1597355992434,37.39275066257136,-122.17358248347395
1597355993434,37.392855420036156,-122.17390524315394
1597355994434,37.3929721317711,-122.17422328210519
1597355995434,37.393101726082904,-122.17453440930029
1597355996434,37.39324263021461,-122.17483920208352
1597355997434,37.393394708327165,-122.17513644358938
1597355998434,37.39355776528621,-122.17542477869826
1597355999434,37.3937287037559,-122.17570454751973
1597356000434,37.39390667238975,-122.17597384865002
1597356001434,37.39409232655971,-122.176230768795
1597356002434,37.39428434665445,-122.17647375769377
1597356003434,37.3944809173997,-122.17670265635982
1597356004434,37.39468173607468,-122.17692107904189
1597356005434,37.39488652980446,-122.17713343926465
1597356006434,37.3950936742092,-122.17734160406522
1597356007434,37.39530223208066,-122.17754606716873
1597356008434,37.395511695992674,-122.17774903295741
1597356009434,37.3957213104618,-122.17795335538379
1597356010434,37.395931184457474,-122.17815999241185
1597356011434,37.39614265824279,-122.17836944521412
1597356012434,37.396357212004965,-122.17858229010379
1597356013434,37.39657618797195,-122.17879857201407
1597356014434,37.396798634045986,-122.179017378336
1597356015434,37.3970227283424,-122.17923817436669
1597356016434,37.39724915780509,-122.17946079050871
1597356017434,37.39747846124426,-122.17968610769199
1597356018434,37.39771031094716,-122.17991476325872
1597356019434,37.397944411444364,-122.18014747377853
1597356020434,37.398181461495476,-122.18038236621882
1597356021434,37.398421394623725,-122.18061808062723
1597356022434,37.39866267542838,-122.18085427591984
1597356023434,37.398903444661464,-122.18109011736519
1597356024434,37.39914362818585,-122.1813241595358
1597356025434,37.399382942810604,-122.18155762608312
1597356026434,37.39962180402504,-122.18179289555374
1597356027434,37.399860721655024,-122.18203037439197
1597356028434,37.400100686774415,-122.1822690349747
1597356029434,37.4003421213459,-122.18250899245378
1597356030434,37.400584863608984,-122.18275009622478
1597356031434,37.40082730068256,-122.18299135996666
1597356032434,37.40106779730505,-122.18323163862686
1597356033434,37.40130561140723,-122.18347098163028
1597356034434,37.40154099319159,-122.18371012357576
1597356035434,37.40177489736404,-122.18394980120709
1597356036434,37.40200869329156,-122.18418973220957
1597356037434,37.40224381132751,-122.18442854864439
1597356038434,37.402480570710765,-122.18466653640924
1597356039434,37.40271779644577,-122.18490571428626
1597356040434,37.402955334772614,-122.18514701637265
1597356041434,37.40319397983218,-122.18539009199311
1597356042434,37.40343379781087,-122.18563481502176
1597356043434,37.40367579590409,-122.18588081545262
1597356044434,37.403920761524276,-122.1861282629111
1597356045434,37.40416785819348,-122.1863773157617
1597356046434,37.40441571090745,-122.18662812064163
1597356047434,37.40466335090759,-122.18688087901324
1597356048434,37.4049105835061,-122.18713562370411
1597356049434,37.40515878852926,-122.18739141294456
1597356050434,37.405409233699665,-122.18764730684065
1597356051434,37.405661560268186,-122.18790157659737
1597356052434,37.40591331043225,-122.1881560770123
1597356053434,37.40616161228401,-122.18841382109713
1597356054434,37.406403446915334,-122.18867977197006
1597356055434,37.40663702536561,-122.18895837911913
1597356056434,37.406862451853996,-122.1892501852415
1597356057434,37.407078302191756,-122.18955609397688
1597356058434,37.407285701874066,-122.18987350535826
1597356059434,37.40748716107601,-122.19019812908986
1597356060434,37.407680513670684,-122.19053127983194
1597356061434,37.4078624894039,-122.19087508767721
1597356062434,37.40803268843252,-122.1912277229643
1597356063434,37.40819138263379,-122.19158679254957
1597356064434,37.40833804883835,-122.19195149273709
1597356065434,37.40847334618627,-122.19232065386385
1597356066434,37.408601409442504,-122.19269140550547
1597356067434,37.408728123996596,-122.19306137850526
1597356068434,37.40885535990906,-122.1934317856864
1597356069434,37.40898161995585,-122.19380542718224
1597356070434,37.40910690775444,-122.19418137119091
1597356071434,37.409230862461854,-122.19455772555682
1597356072434,37.40935228116509,-122.19493563643562
1597356073434,37.40947209932788,-122.19531429555875
1597356074434,37.409591313053475,-122.19569265473959
1597356075434,37.409710528226626,-122.1960710309283
1597356076434,37.409829943301666,-122.19644862763921
1597356077434,37.40994887880867,-122.19682483060907
1597356078434,37.410067065878344,-122.19719796435058
1597356079434,37.41018481138905,-122.19756743398315
1597356080434,37.410302241000764,-122.19793511356151
1597356081434,37.410419267297826,-122.19830314734921
1597356082434,37.41053673761139,-122.19867277820967
1597356083434,37.410655470796286,-122.19904423942566
1597356084434,37.41077449761564,-122.19941807633285
1597356085434,37.41089387898827,-122.19979536714159
1597356086434,37.41101507739193,-122.20017511958937
1597356087434,37.411136561279086,-122.20055703231603
1597356088434,37.41125762747972,-122.2009413949958
1597356089434,37.41138000818233,-122.20132669594418
1597356090434,37.41150351525192,-122.20171232345636
1597356091434,37.41162717773168,-122.2020977714626
1597356092434,37.41175069873447,-122.20248255597795
1597356093434,37.41187328797535,-122.20286677289407
1597356094434,37.41199439174304,-122.20325070278125
1597356095434,37.41211442766091,-122.20363435096372
1597356096434,37.412234787538324,-122.2040172402187
1597356097434,37.4123566523301,-122.20439879636785
1597356098434,37.412479247214414,-122.20477926394112
1597356099434,37.41260153174717,-122.20515833877302
1597356100434,37.41272309737297,-122.20553551944306
1597356101434,37.41284358431314,-122.20591031468163
1597356102434,37.412964984071245,-122.20628122031447
1597356103434,37.413092236267424,-122.20664498274735
1597356104434,37.413230148979665,-122.206998047049
1597356105434,37.41337886410495,-122.20734009067601
1597356106434,37.41353807266729,-122.20767187433228
1597356107434,37.41370809161971,-122.20799249664701
1597356108434,37.41388811724158,-122.20830199144598
1597356109434,37.414078925561896,-122.20859926155657
1597356110434,37.41428078900503,-122.2088835744969
1597356111434,37.41449193799444,-122.20915543463565
1597356112434,37.414711530081796,-122.20941267604587
1597356113434,37.414937431993415,-122.20965742400188
1597356114434,37.4151668838445,-122.20989542591563
1597356115434,37.41539825347792,-122.21013083224858
1597356116434,37.41563053724423,-122.21036695456291
1597356117434,37.415863362264645,-122.21060323608967
1597356118434,37.41609463843913,-122.21083905551632
1597356119434,37.41632136644531,-122.21107782643506
1597356120434,37.41654126092836,-122.21132455693724
1597356121434,37.41675311246902,-122.21158198694856
1597356122434,37.416956498589,-122.21185004228755
1597356123434,37.41715016764549,-122.21212933623295
1597356124434,37.417334248435864,-122.21241950697073
1597356125434,37.41750950197292,-122.21271882530085
1597356126434,37.417677136053165,-122.21302634394192
1597356127434,37.41783831122247,-122.21334230048805
1597356128434,37.41799063578959,-122.21366776646747
1597356129434,37.41813104420683,-122.21400339803571
1597356130434,37.41825848377542,-122.21434856100961
1597356131434,37.41837149752871,-122.214702416816
1597356132434,37.41847036129276,-122.21506341806221
1597356133434,37.41855614621654,-122.21543008969572
1597356134434,37.418629545103535,-122.2158015703344
1597356135434,37.41869295497646,-122.21617672533117
1597356136434,37.41875021772908,-122.21655475928208
1597356137434,37.41880496508156,-122.2169349256255
1597356138434,37.41885947110509,-122.21731714409657
1597356139434,37.41891516855613,-122.21770147823881
1597356140434,37.418972631058075,-122.21808791312681
1597356141434,37.41903037465161,-122.2184756726206
1597356142434,37.41908916635736,-122.21886624937464
1597356143434,37.41914998320396,-122.21925988762689
1597356144434,37.41921425693566,-122.21965552028352
1597356145434,37.41928925343648,-122.22005157908448
1597356146434,37.41938009807101,-122.2204449755375
1597356147434,37.41948745974155,-122.22083444981558
1597356148434,37.41961120226052,-122.22121918051603
1597356149434,37.419750695747844,-122.22159862555141
1597356150434,37.41990745898109,-122.22197043333483
1597356151434,37.420080987882585,-122.22233307494699
1597356152434,37.420268517245354,-122.2226869283929
1597356153434,37.420469056420885,-122.22303122202386
1597356154434,37.42068248908131,-122.22336476406417
1597356155434,37.42090504078386,-122.22369058572758
1597356156434,37.421130166824206,-122.2240152252617
1597356157434,37.42135384947618,-122.22434308247217
1597356158434,37.42157538904899,-122.22467544062198
1597356159434,37.421795988343575,-122.22500913727212
1597356160434,37.42201734298801,-122.22534183053276
1597356161434,37.422240838249564,-122.22567167242843
1597356162434,37.42246586147211,-122.22599892412495
1597356163434,37.42268930766472,-122.22632788794165
1597356164434,37.422910201162956,-122.22666019539894
1597356165434,37.42313082071405,-122.22699451243527
1597356166434,37.42335369872254,-122.22732945076258
1597356167434,37.42357906327539,-122.22766443728419
1597356168434,37.42380669438496,-122.22799902866642
1597356169434,37.42403507219525,-122.22832904343127
1597356170434,37.42426336253392,-122.2286556907718
1597356171434,37.424491698549616,-122.22898095465496
1597356172434,37.42471988137228,-122.22930283060711
1597356173434,37.424950649006966,-122.22962132714026
1597356174434,37.42518690264213,-122.22993393858648
1597356175434,37.42542817051308,-122.23024078028003
1597356176434,37.42567173582433,-122.2305440835322
1597356177434,37.42591624595345,-122.23084513668671
1597356178434,37.42616092025563,-122.23114380500408
1597356179434,37.42640404880058,-122.23144076243221
1597356180434,37.42664452491771,-122.23173543603907
1597356181434,37.42688203845547,-122.23202519755104
1597356182434,37.4271153535794,-122.23230872528333
1597356183434,37.427342773787416,-122.23258763477732
1597356184434,37.42756300338244,-122.23286401942823
1597356185434,37.42777489071552,-122.23313888427414
1597356186434,37.42797798710573,-122.23341401569903
1597356187434,37.42817447888791,-122.23369044320273
1597356188434,37.42836659857918,-122.23396834129366
1597356189434,37.42855585605877,-122.2342458770159
1597356190434,37.4287442197728,-122.23452165644454
1597356191434,37.42893186519242,-122.23479563279558
1597356192434,37.42911778699067,-122.23506703094127
1597356193434,37.42930124121499,-122.23533457980845
1597356194434,37.42948171267911,-122.23559814940968
1597356195434,37.42965970108745,-122.23585847497058
1597356196434,37.42983585144467,-122.23611662523065
1597356197434,37.43001109992177,-122.2363739756256
1597356198434,37.43018666344166,-122.23663098437275
1597356199434,37.430362873118206,-122.23688789922012
1597356200434,37.430539296184165,-122.23714503202166
1597356201434,37.43071636777146,-122.2374022486398
1597356202434,37.43089588775223,-122.23765778127924
1597356203434,37.43108029760844,-122.23790920273161
1597356204434,37.43126856955174,-122.23815873774937
1597356205434,37.431458727222434,-122.2384096891732
1597356206434,37.43165248783702,-122.23866023714315
1597356207434,37.431851203042235,-122.23890933850875
1597356208434,37.432054478120726,-122.23915708484071
1597356209434,37.43226108301597,-122.23940404397396
1597356210434,37.432468395091675,-122.2396512083804
1597356211434,37.43267484564714,-122.23989864410628
1597356212434,37.43288063466309,-122.24014499459167
1597356213434,37.433085021241524,-122.24038907923112
1597356214434,37.4332877440151,-122.24063080241088
1597356215434,37.43348913254641,-122.24087146918104
1597356216434,37.433689715428656,-122.24111076897178
1597356217434,37.43388952060686,-122.2413482078372
1597356218434,37.43408890736195,-122.2415847984363
1597356219434,37.43428852628513,-122.2418217139941
1597356220434,37.43448873216332,-122.24205985550235
1597356221434,37.43469012074465,-122.24229962217628
1597356222434,37.43489333814591,-122.24254169221467
1597356223434,37.43509869809653,-122.24278615061242
1597356224434,37.4353059680625,-122.24303143077496
1597356225434,37.435514198373134,-122.2432760894529
1597356226434,37.435721601579225,-122.24352015294332
1597356227434,37.43592700440518,-122.24376328874628
1597356228434,37.43612994202316,-122.2440053351001
1597356229434,37.43633154967083,-122.24424599276317
1597356230434,37.4365327445752,-122.24448606890815
1597356231434,37.43673371830756,-122.24472610547988
1597356232434,37.4369342063277,-122.24496577755335
1597356233434,37.43713391889739,-122.2452047794493
1597356234434,37.437332464743555,-122.24544345342939
1597356235434,37.43753031305242,-122.24568143020029
1597356236434,37.43772853999467,-122.24591822939946
1597356237434,37.43792692761856,-122.24615437236513
1597356238434,37.43812510509777,-122.24639167238423
1597356239434,37.43832313948228,-122.24663062766797
1597356240434,37.43852220682523,-122.24687079068454
1597356241434,37.43872278917567,-122.24711407354187
1597356242434,37.43892404240576,-122.2473620779942
1597356243434,37.43912586292884,-122.24761439467446
1597356244434,37.43932882008344,-122.24786950097253
1597356245434,37.43953246889423,-122.24812740395218
1597356246434,37.43973586229256,-122.24838737564833
1597356247434,37.439938354315835,-122.24864877291873
1597356248434,37.440139705468766,-122.24891000658977
1597356249434,37.440339428426206,-122.249169819157
1597356250434,37.44053714022411,-122.24942760100565
1597356251434,37.44073237501529,-122.24968246347365
1597356252434,37.440924784494044,-122.24993464941532
1597356253434,37.441114907598774,-122.25018417387427
1597356254434,37.44130405664764,-122.25043165295325
1597356255434,37.44149347283497,-122.25067869793658
1597356256434,37.44168330844373,-122.2509270758956
1597356257434,37.4418745300134,-122.25117806357072
1597356258434,37.442067201016386,-122.2514323101343
1597356259434,37.44225803411272,-122.25169355168309
1597356260434,37.44244261632919,-122.25196668956968
1597356261434,37.442619065647726,-122.25225133454497
1597356262434,37.442787362059114,-122.25254512752214
1597356263434,37.44294747129416,-122.25284674795569
1597356264434,37.44309849948991,-122.25315587526734
1597356265434,37.44324012935192,-122.25347204669443
1597356266434,37.44337285060337,-122.25379239860486
1597356267434,37.44349558731443,-122.2541141475791
1597356268434,37.443608392692774,-122.25443667994469
1597356269434,37.4437122052179,-122.25476086053204
1597356270434,37.44380713665836,-122.2550872657678
1597356271434,37.44389305725994,-122.25541591698426
1597356272434,37.44396968434741,-122.25574720007232
1597356273434,37.44403767425871,-122.25608061594968
1597356274434,37.4440970435917,-122.25641482611401
1597356275434,37.444147625780836,-122.25675072890157
1597356276434,37.444189560063506,-122.25708988461807
1597356277434,37.444223005483444,-122.25743240882073
1597356278434,37.444247706849026,-122.25777837220903
1597356279434,37.44426238504261,-122.2581257763638
1597356280434,37.444266813664946,-122.25847259936693
1597356281434,37.444262086359466,-122.2588197853086
1597356282434,37.44424881291804,-122.25916958502944
1597356283434,37.44422916327129,-122.25952280823569
1597356284434,37.44420632965546,-122.2598799151331
1597356285434,37.444184615874825,-122.26024013602111
1597356286434,37.444163623642375,-122.2606033314576
1597356287434,37.444139529232004,-122.26096928897964
1597356288434,37.44411197042426,-122.26133683698313
1597356289434,37.444082947119476,-122.26170636549662
1597356290434,37.44405292518787,-122.26207810581667
1597356291434,37.44402341824748,-122.26245144718587
1597356292434,37.44399524804428,-122.26282348527488
1597356293434,37.44396929590761,-122.26319272661762
1597356294434,37.44394184733903,-122.26356122113788
1597356295434,37.44391441832557,-122.26393180203526
1597356296434,37.4438938762576,-122.26430540763407
1597356297434,37.44388392233233,-122.26468250866839
1597356298434,37.44388427333947,-122.26506257165444
1597356299434,37.44389485874402,-122.26544433468372
1597356300434,37.44391555008835,-122.26582751741215
1597356301434,37.443946955709194,-122.2662113999767
1597356302434,37.4439891744657,-122.26659572582507
1597356303434,37.44404136496926,-122.26697975706982
1597356304434,37.444103327033204,-122.26736266712054
1597356305434,37.44417505255968,-122.26774351277601
1597356306434,37.44425851788647,-122.26812111058591
1597356307434,37.44435324751421,-122.26849484580661
1597356308434,37.444459449040565,-122.2688641811595
1597356309434,37.44457582789468,-122.26922840530148
1597356310434,37.444699967975,-122.26958648139559
1597356311434,37.444832602367256,-122.26993852328293
1597356312434,37.44497504805266,-122.27028457359114
1597356313434,37.44512752174284,-122.27062432534336
1597356314434,37.445289399302276,-122.27095904359751
1597356315434,37.44546027832206,-122.2712900382453
1597356316434,37.44564042959794,-122.2716164537511
1597356317434,37.44583168145556,-122.27193609235216
1597356318434,37.44603470749097,-122.27224735407475
1597356319434,37.44624657978483,-122.27255269373329
1597356320434,37.44646059459345,-122.27285811193727
1597356321434,37.44667487497616,-122.27316454930283
1597356322434,37.446889010841005,-122.2734680259255
1597356323434,37.447100733278546,-122.27376616645887
1597356324434,37.44730820301025,-122.27405958406551
1597356325434,37.44751124726604,-122.27434848996243
1597356326434,37.44771032293825,-122.27463322652837
1597356327434,37.44790635388751,-122.27491445646949
1597356328434,37.448099452072526,-122.27519282260258
1597356329434,37.44829005733095,-122.27546896776676
1597356330434,37.44847889100419,-122.27574141718047
1597356331434,37.448666549963896,-122.27600948891909
1597356332434,37.448853331568166,-122.27627695963638
1597356333434,37.449039402350415,-122.27654568717931
1597356334434,37.44922412692801,-122.27681385095035
1597356335434,37.449406151681366,-122.27707965863955
1597356336434,37.449583448459805,-122.27734286735655
1597356337434,37.44975616068689,-122.27760436520957
1597356338434,37.449927166450024,-122.27786510433585
1597356339434,37.45009904844376,-122.2781256431293
1597356340434,37.450272031867954,-122.2783856128465
1597356341434,37.45044538924486,-122.27864601656371
1597356342434,37.45061877051325,-122.27890815759108
1597356343434,37.450793007849235,-122.27917284795139
1597356344434,37.450968877258276,-122.27944135422031
1597356345434,37.45114746129208,-122.27971537135191
1597356346434,37.45133049508439,-122.27999424089722
1597356347434,37.451517689090934,-122.28027625583107
1597356348434,37.45170655095023,-122.28056224816879
1597356349434,37.451896029369514,-122.28085134341977
1597356350434,37.452084760466036,-122.28114007509694
1597356351434,37.45227218238008,-122.28142719558554
1597356352434,37.45245800218897,-122.28171296192592
1597356353434,37.45264293015998,-122.28199622153669
1597356354434,37.45282664393901,-122.2822769954777
1597356355434,37.45300805022479,-122.28255477930081
1597356356434,37.45318707604268,-122.28282810202919
1597356357434,37.45336554899559,-122.28309773777143
1597356358434,37.45354281538331,-122.28336578091057
1597356359434,37.45371900178363,-122.28363299269428
1597356360434,37.453894190669736,-122.28389923546924
1597356361434,37.454068393993246,-122.28416442038353
1597356362434,37.45424276528223,-122.28442889240684
1597356363434,37.45441755281958,-122.28469419738862
1597356364434,37.45459270024332,-122.28496186593415
1597356365434,37.454768404082714,-122.28523225655981
1597356366434,37.45494618459858,-122.28550508552541
1597356367434,37.455125732881235,-122.285778278766
1597356368434,37.45530508606027,-122.28604945206048
1597356369434,37.455483390122836,-122.2863192906478
1597356370434,37.4556608107184,-122.28658761982176
1597356371434,37.45583836345461,-122.28685321522325
1597356372434,37.45601760124868,-122.2871147896549
1597356373434,37.45620048143895,-122.28737177363921
1597356374434,37.45638812318621,-122.28762174497146
1597356375434,37.456580271860624,-122.28786085244575
1597356376434,37.45677781829663,-122.28808668659508
1597356377434,37.45698012278255,-122.28829977824272
1597356378434,37.4571850818738,-122.28850301595024
1597356379434,37.4573918682831,-122.28869713636826
1597356380434,37.457601125405894,-122.28888076394419
1597356381434,37.45781265810174,-122.28905408929748
1597356382434,37.45802741013497,-122.28921823196295
1597356383434,37.45824677831731,-122.28937363324657
1597356384434,37.45847156708765,-122.28952146396828
1597356385434,37.458702506036175,-122.28966135878439
1597356386434,37.4589395018814,-122.28979394985365
1597356387434,37.459181929131454,-122.28991843613612
1597356388434,37.45942916314455,-122.29003379477854
1597356389434,37.45968085455282,-122.29013916773349
1597356390434,37.45993616846637,-122.2902348017077
1597356391434,37.46019510771987,-122.29032022040101
1597356392434,37.460456759766345,-122.29039563982644
1597356393434,37.46072000090911,-122.29046100787444
1597356394434,37.46098356991405,-122.29051368415463
1597356395434,37.46124530421153,-122.29055295467111
1597356396434,37.46150673133478,-122.29058039471388
1597356397434,37.46177198386434,-122.29059432120499
1597356398434,37.46204075955878,-122.29059988888652
1597356399434,37.46231530091986,-122.29060385259261
1597356400434,37.46259658283007,-122.29060578633892
1597356401434,37.46288440783464,-122.29060938217539
1597356402434,37.463176670681705,-122.29061610491215
1597356403434,37.46347196307619,-122.2906243837172
1597356404434,37.46376867657835,-122.29063491756185
1597356405434,37.464066498179555,-122.29065038535741
1597356406434,37.46436501356745,-122.29067415787237
1597356407434,37.46466351170601,-122.29070880387825
1597356408434,37.46496238281489,-122.29075449091069
1597356409434,37.46526215151683,-122.29080977513209
1597356410434,37.46556258693801,-122.29087536130811
1597356411434,37.46586341581562,-122.2909521892156
1597356412434,37.46616435140235,-122.2910394785031
1597356413434,37.46646503460399,-122.29113647037484
1597356414434,37.46676507923904,-122.29124352845852
1597356415434,37.46706320771284,-122.2913618755111
1597356416434,37.467358724999336,-122.29149180960373
1597356417434,37.46765125583045,-122.29163410274724
1597356418434,37.4679399279807,-122.29178878442333
1597356419434,37.46822458243086,-122.29195453758129
1597356420434,37.46850575958698,-122.29212953025846
1597356421434,37.468783065004736,-122.2923132993955
1597356422434,37.46905658042958,-122.2925063821453
1597356423434,37.46932662223037,-122.2927097501915
1597356424434,37.4695921787822,-122.29292516472631
1597356425434,37.46985318526333,-122.29315157452366
1597356426434,37.47010951037289,-122.2933870334699
1597356427434,37.47036134140594,-122.29362886326557
1597356428434,37.47060953952671,-122.29387400984749
1597356429434,37.4708559279295,-122.29412080836019
1597356430434,37.47110079914608,-122.29436871442998
1597356431434,37.47134454614807,-122.29461626701844
1597356432434,37.4715879250573,-122.29486272805977
1597356433434,37.47183157787377,-122.29510814759003
1597356434434,37.47207620393073,-122.29535325040302
1597356435434,37.47232178090875,-122.2955983081511
1597356436434,37.47256743433664,-122.29584364815241
1597356437434,37.47281199489154,-122.29609004304154
1597356438434,37.47305511202382,-122.29633724072066
1597356439434,37.47329664197853,-122.2965834122307
1597356440434,37.473537021128635,-122.29682432600649
1597356441434,37.47377633716536,-122.29705616720979
1597356442434,37.47401511517272,-122.29727695379313
1597356443434,37.47425539505349,-122.29748384103553
1597356444434,37.47450006941818,-122.29767524706983
1597356445434,37.474748113020176,-122.29785363171482
1597356446434,37.47499941091598,-122.29802100402459
1597356447434,37.475254278595145,-122.2981769518033
1597356448434,37.475512531980854,-122.29832167390603
1597356449434,37.47577354311082,-122.29845502351822
1597356450434,37.476036781035255,-122.29857651478537
1597356451434,37.4763024598861,-122.29868579391703
1597356452434,37.476570254462665,-122.29878309756683
1597356453434,37.47683962079358,-122.29886885755431
1597356454434,37.477109000166216,-122.29894246080201
1597356455434,37.47737723992713,-122.29900374537523
1597356456434,37.47764473585974,-122.29905450486201
1597356457434,37.47791366202006,-122.29909475196962
1597356458434,37.478184624793506,-122.299123984464
1597356459434,37.4784566168112,-122.29914063087553
1597356460434,37.47872788379367,-122.29914448057481
1597356461434,37.47899739467046,-122.29913683009988
1597356462434,37.47926648576678,-122.29911828199302
1597356463434,37.47953670294775,-122.29908945355632
1597356464434,37.47980694181625,-122.29905288154357
1597356465434,37.48007652682398,-122.2990112047698
1597356466434,37.48034521937767,-122.29896633398467
1597356467434,37.48061302472122,-122.29892085323016
1597356468434,37.48087987879355,-122.29887532926836
1597356469434,37.48114639333274,-122.29883026948663
1597356470434,37.481412632527004,-122.29878580395955
1597356471434,37.48167845371013,-122.29874160816573
1597356472434,37.48194264602688,-122.29869889888212
1597356473434,37.48220370974955,-122.29865805423073
1597356474434,37.48246088089467,-122.29861749570009
1597356475434,37.48271449903482,-122.29857642676642
1597356476434,37.482965588354816,-122.2985354138843
1597356477434,37.483215661770544,-122.29849534445431
1597356478434,37.483466129921666,-122.29845497417688
1597356479434,37.483717443528725,-122.298414151001
1597356480434,37.48397002305269,-122.29837310566357
1597356481434,37.48422374230596,-122.29833139612815
1597356482434,37.48447906799335,-122.29828948245657
1597356483434,37.48473704213118,-122.29824752941241
1597356484434,37.48499793332196,-122.29820547825736
1597356485434,37.48526027451673,-122.29816454741062
1597356486434,37.48552267541041,-122.29812590535195
1597356487434,37.48578295749444,-122.29809010437644
1597356488434,37.48603996331074,-122.29805968090022
1597356489434,37.4862950483989,-122.29803740061493
1597356490434,37.486549912742134,-122.29802474209274
1597356491434,37.4868056986987,-122.29802163310754
1597356492434,37.48706197809069,-122.29802857205358
1597356493434,37.487318943978615,-122.2980462859203
1597356494434,37.48757599272207,-122.2980745008598
1597356495434,37.487833595716346,-122.2981126439578
1597356496434,37.48808991775573,-122.2981592592823
1597356497434,37.4883423976807,-122.29821382365706
1597356498434,37.488589631524846,-122.29827693466338
1597356499434,37.48883176557619,-122.29834869581036
1597356500434,37.489068548975226,-122.29842875428136
1597356501434,37.4892998454849,-122.29851606331839
1597356502434,37.489525434625676,-122.29861030865533
1597356503434,37.48974502271237,-122.29871077235705
1597356504434,37.48995984975585,-122.29881720614264
1597356505434,37.49017260874991,-122.29893057682757
1597356506434,37.49038425481937,-122.29905150751804
1597356507434,37.49059465063245,-122.29918023728283
1597356508434,37.4908042168662,-122.29931731154103
1597356509434,37.491013688353604,-122.29946277020947
1597356510434,37.491222651290954,-122.29961865463228
1597356511434,37.49143145486435,-122.2997858336793
1597356512434,37.49164041903199,-122.29996314293207
1597356513434,37.49184789264011,-122.30015150012527
1597356514434,37.49205380322728,-122.300350829725
1597356515434,37.49225777224557,-122.30056014674632
1597356516434,37.4924592690426,-122.30077932023188
1597356517434,37.492657919403726,-122.30100788072657
1597356518434,37.49285292827804,-122.30124721264873
1597356519434,37.49304397360505,-122.30149936585794
1597356520434,37.4932317673304,-122.30176568277477
1597356521434,37.49341580146331,-122.30204629231241
1597356522434,37.49359548446904,-122.30234063688388
1597356523434,37.4937700510941,-122.30264829470059
1597356524434,37.49393823256072,-122.30296900662391
1597356525434,37.494099389225966,-122.30330012913934
1597356526434,37.49425294799734,-122.30364013557312
1597356527434,37.49439779548664,-122.30398910129756
1597356528434,37.49453354511979,-122.30434649121004
1597356529434,37.49465977209833,-122.30471153495722
1597356530434,37.49477575088171,-122.3050840340329
1597356531434,37.4948814399849,-122.30546303467852
1597356532434,37.49497803516387,-122.30584754304148
1597356533434,37.495070183403875,-122.30623539076602
1597356534434,37.495161860055774,-122.30662359019574
1597356535434,37.49525391323414,-122.30701114623395
1597356536434,37.49534702926784,-122.30739808694081
1597356537434,37.495441345152116,-122.30778450884407
1597356538434,37.49553587800084,-122.30817087690039
1597356539434,37.49562972112008,-122.3085576563242
1597356540434,37.49572422566788,-122.30894495184833
1597356541434,37.495819855906845,-122.30933262024654
1597356542434,37.49591730698683,-122.30971929107758
1597356543434,37.49602024690587,-122.31010376011832
1597356544434,37.496130202888864,-122.31048681654764
1597356545434,37.496247887404756,-122.3108680295712
1597356546434,37.496375029461625,-122.31124568502854
1597356547434,37.49651068181839,-122.31161929812633
1597356548434,37.49665370697705,-122.3119894665673
1597356549434,37.496803016439635,-122.31235728445019
1597356550434,37.49695891416755,-122.31272297528908
1597356551434,37.49712142207532,-122.31308559796047
1597356552434,37.49729245652829,-122.31344347369868
1597356553434,37.4974730637293,-122.31379585464764
1597356554434,37.49765997801452,-122.31414484740459
1597356555434,37.497850574747915,-122.31449181145557
1597356556434,37.49804366202861,-122.3148371289154
1597356557434,37.498238278102576,-122.31518165668061
1597356558434,37.49843207617224,-122.31552709769562
1597356559434,37.49862338348593,-122.31587339950585
1597356560434,37.49881291729514,-122.31621826313415
1597356561434,37.499001630712485,-122.31656091397879
1597356562434,37.49918873853077,-122.31690191573867
1597356563434,37.49937074319023,-122.31724456073924
1597356564434,37.49954116328464,-122.31759356709557
1597356565434,37.49969955796974,-122.3179485231981
1597356566434,37.499848996383264,-122.3183064501078
1597356567434,37.49998918463387,-122.31866690257633
1597356568434,37.50011877208383,-122.31903031193461
1597356569434,37.50023804041089,-122.31939600806938
1597356570434,37.50034826737956,-122.31976413655218
1597356571434,37.50044975345439,-122.3201368718035
1597356572434,37.50054179548863,-122.32051654607827
1597356573434,37.500624065857046,-122.32090302073043
1597356574434,37.50069699300225,-122.3212946285433
1597356575434,37.500760638605826,-122.32168961898915
1597356576434,37.50081378834474,-122.32208735437209
1597356577434,37.50085640751997,-122.32248647738673
1597356578434,37.500890097744005,-122.32288513787357
1597356579434,37.500915786076504,-122.32328342005897
1597356580434,37.50093559394183,-122.32368251175113
1597356581434,37.50095345793874,-122.32408300425972
1597356582434,37.50097225027869,-122.32448434949809
1597356583434,37.50099095281524,-122.32488587563701
1597356584434,37.50100896176666,-122.32528701963444
1597356585434,37.501030639406494,-122.32568753100131
1597356586434,37.50106084634673,-122.3260878777025
1597356587434,37.50110265150553,-122.32648758954225
1597356588434,37.50115715027068,-122.32688606518977
1597356589434,37.5012246438019,-122.32728230532777
1597356590434,37.501304650307425,-122.32767553620012
1597356591434,37.50139754048644,-122.32806489162012
1597356592434,37.50150325329381,-122.32844947955515
1597356593434,37.501619821819695,-122.32882945140379
1597356594434,37.50174809614457,-122.3292043414025
1597356595434,37.50189112574224,-122.32957196746327
1597356596434,37.50204769279685,-122.32993209042145
1597356597434,37.50221439122953,-122.33028717134067
1597356598434,37.50239107969535,-122.33063694199106
1597356599434,37.50257927680643,-122.33097847782223
1597356600434,37.50277734208636,-122.33131264236438
1597356601434,37.50297987807515,-122.33164477416794
1597356602434,37.503184274280045,-122.33197904114193
1597356603434,37.503390499488674,-122.3323155450686
1597356604434,37.50359774763672,-122.33265504547892
1597356605434,37.50380627848915,-122.3329956882338
1597356606434,37.50401545195422,-122.33333706494791
1597356607434,37.5042245620262,-122.33368076445511
1597356608434,37.50443467018152,-122.33402569174463
1597356609434,37.50464621471811,-122.33437070435393
1597356610434,37.504858407189445,-122.33471744626382
1597356611434,37.50507017106461,-122.33506766601238
1597356612434,37.50528230989702,-122.33541866948505
1597356613434,37.505496056926596,-122.33576861297963
1597356614434,37.505710156382804,-122.33611796900414
1597356615434,37.505923832050755,-122.3364667304498
1597356616434,37.50613675705042,-122.33681400805352
1597356617434,37.5063485975191,-122.33715927049104
1597356618434,37.50656001550711,-122.33750149172975
1597356619434,37.50676928373411,-122.33784188311259
1597356620434,37.50697534710171,-122.33817978633927
1597356621434,37.507179576266736,-122.33851388175074
1597356622434,37.50738073078481,-122.33884683531906
1597356623434,37.507578986445615,-122.33917855225529
1597356624434,37.50777835273917,-122.33950815055162
1597356625434,37.507978689238826,-122.33983535657059
1597356626434,37.508176817479935,-122.34015915743215
1597356627434,37.50837274564772,-122.34048067070205
1597356628434,37.50856820401861,-122.3408024644041
1597356629434,37.508764843799206,-122.34112413470203
1597356630434,37.50896214416916,-122.34144452218915
1597356631434,37.509160671719364,-122.34176263332583
1597356632434,37.50936192458309,-122.34207681088769
1597356633434,37.509566684900726,-122.34238767175272
1597356634434,37.50977560377346,-122.34269518328709
1597356635434,37.50998944503881,-122.34299833756806
1597356636434,37.51020773401847,-122.34329719962619
1597356637434,37.510429668087724,-122.34359179591307
1597356638434,37.51065516923151,-122.34388157105182
1597356639434,37.510883909865896,-122.34416694871669
1597356640434,37.511115908579335,-122.34444772972641
1597356641434,37.51135070958126,-122.34472445153301
1597356642434,37.5115877995515,-122.34499852491932
1597356643434,37.511825435653876,-122.34527269650873
1597356644434,37.51206231501228,-122.34554859534735
1597356645434,37.51229972149484,-122.34582428468109
1597356646434,37.51253907292505,-122.34609805543553
1597356647434,37.51277960078146,-122.34637069575766
1597356648434,37.513019320177776,-122.34664379360738
1597356649434,37.51325880973546,-122.34691715708212
1597356650434,37.51349902149258,-122.34719126162493
1597356651434,37.51374013984705,-122.34746677198515
1597356652434,37.51398216226025,-122.34774365798425
1597356653434,37.514224557546896,-122.34802236473654
1597356654434,37.514467521964036,-122.34830261103707
1597356655434,37.5147123092969,-122.34858274347678
1597356656434,37.514958792141364,-122.34886229256861
1597356657434,37.51520466720709,-122.34914244312161
1597356658434,37.51544953950357,-122.34942293312918
1597356659434,37.5156943346812,-122.3497031580043
1597356660434,37.51593881700474,-122.34998379086872
1597356661434,37.51618305667355,-122.35026453710515
1597356662434,37.516426397536854,-122.35054413800576
1597356663434,37.516666494958805,-122.35082118908096
1597356664434,37.51690391613848,-122.35109527404252
1597356665434,37.517141296459606,-122.35136713849899
1597356666434,37.517380555608035,-122.351637290415
1597356667434,37.517623633934235,-122.35190386767005
1597356668434,37.51787182077066,-122.3521648538447
1597356669434,37.51812471085594,-122.3524201453142
1597356670434,37.51838210557347,-122.35266966887052
1597356671434,37.51864379628896,-122.35291228828757
1597356672434,37.51890880145934,-122.35314583079327
1597356673434,37.51917659400598,-122.3533669516357
1597356674434,37.5194461696017,-122.35357006371146
1597356675434,37.519716268554156,-122.35375001721155
1597356676434,37.51998615048007,-122.35390968103265
1597356677434,37.52025619259812,-122.35405749302697
1597356678434,37.52052656143211,-122.3541964603686
1597356679434,37.520796434927185,-122.35432557125777
1597356680434,37.5210627618327,-122.35444567457617
1597356681434,37.52132107138245,-122.35455798336311
1597356682434,37.521568573475406,-122.35466321984069
1597356683434,37.52180300396893,-122.35476206582565
1597356684434,37.52202147487539,-122.35485502494019
1597356685434,37.522220191221585,-122.35493890464156
1597356686434,37.522395589119824,-122.3550100371671
1597356687434,37.52254637228995,-122.35506157173448
1597356688434,37.52267543373007,-122.35508590632199
1597356689434,37.522790860693014,-122.35507948370697
1597356690434,37.52289564636906,-122.35504115572289
1597356691434,37.5229823266272,-122.35497518526151
1597356692434,37.52304838152586,-122.3548863791641
1597356693434,37.52309355114935,-122.35477706304275
1597356694434,37.52311795409697,-122.35465249789021
1597356695434,37.52313359762015,-122.35451584181185
1597356696434,37.52315472308894,-122.35437442267084
1597356697434,37.52319055939831,-122.35423682743723
1597356698434,37.52324741982749,-122.35410796747011
1597356699434,37.52332661121579,-122.35399602817085
1597356700434,37.52342506539202,-122.35390726245902
1597356701434,37.52353662033039,-122.35383770371287
1597356702434,37.52365516606208,-122.3537761934847
1597356703434,37.52377694668414,-122.35371344911218
1597356704434,37.52389600646933,-122.35364253662618
1597356705434,37.5240067132627,-122.35356004187138
1597356706434,37.52410893065687,-122.3534671520988
1597356707434,37.52420353040659,-122.35336858332813
1597356708434,37.5242901496187,-122.35327061861906
1597356709434,37.52436847208626,-122.35317542811867
1597356710434,37.52443645687112,-122.35308667864508
1597356711434,37.52449255287443,-122.35300956117027
1597356712434,37.52453942240314,-122.35294329722556
1597356713434,37.52457913612773,-122.35288544933111
1597356714434,37.52460903915033,-122.35284064869474
1597356715434,37.52463107218179,-122.35280928614125
1597356716434,37.52465647692248,-122.35278515997963
1597356717434,37.52469526754613,-122.35277177370892
1597356718434,37.52474361366432,-122.35278012089525
1597356719434,37.524794523253085,-122.35281238333656
1597356720434,37.52484728873602,-122.35286087006726
1597356721434,37.52490166573902,-122.3529157317657
1597356722434,37.52495737278342,-122.35297295309947
1597356723434,37.525013972561794,-122.3530322251647
1597356724434,37.525070402551066,-122.35309503470837
1597356725434,37.52512702727858,-122.35316025426287
1597356726434,37.5251839428321,-122.35322377288682
1597356727434,37.52523889292189,-122.3532800658647
1597356728434,37.525287423371374,-122.35332328994953
1597356729434,37.52532966198586,-122.35334952090484
1597356730434,37.525369405236624,-122.35336426995072
1597356731434,37.52540740138525,-122.35338683423407
1597356732434,37.52542398673572,-122.35342240834066
1597356733434,37.52541904299436,-122.35345558850348
1597356734434,37.52539296695753,-122.35347439570893
1597356735434,37.52536025888641,-122.3534730774191
1597356736434,37.52532367532873,-122.35345468541037
1597356737434,37.52529231805843,-122.35342867725825
1597356738434,37.52527001600119,-122.35340627988045
1597356739434,37.525252704584865,-122.35339153878988
1597356740434,37.52524040638656,-122.35338222675493
1597356741434,37.52523660975504,-122.35337893912299
1597356742434,37.525236562699305,-122.35337884539621
1597356743434,37.525236546365875,-122.35337892193972
1597356744434,37.525236442538905,-122.35337905532886
1597356745434,37.5252362264639,-122.3533786691487
1597356746434,37.5252365146017,-122.35337806849569
1597356747434,37.525239247266704,-122.35337781719917
1597356748434,37.52523894218026,-122.3533778878541
1597356749434,37.525242403084945,-122.353377484393
1597356750434,37.525243998530456,-122.3533772155469
1597356751434,37.525244318825365,-122.35337728422266
1597356752434,37.52524280040786,-122.35337739532132
1597356753434,37.52524294496628,-122.35337722667303
1597356754434,37.52524331002442,-122.35337721422745
1597356755434,37.52524357805832,-122.35337701821058
1597356756434,37.525243442245895,-122.35337699430767
1597356757434,37.525243052116785,-122.35337696921968
1597356758434,37.525242476607055,-122.35337684809348
